County,State
1001,Alabama
1003,Alabama
1005,Alabama
1009,Alabama
1013,Alabama
1015,Alabama
1017,Alabama
1019,Alabama
1021,Alabama
1023,Alabama
1027,Alabama
1029,Alabama
1031,Alabama
1033,Alabama
1035,Alabama
1037,Alabama
1039,Alabama
1043,Alabama
1047,Alabama
1049,Alabama
1051,Alabama
1053,Alabama
1055,Alabama
1057,Alabama
1059,Alabama
1061,Alabama
1063,Alabama
1065,Alabama
1071,Alabama
1075,Alabama
1077,Alabama
1079,Alabama
1081,Alabama
1083,Alabama
1085,Alabama
1087,Alabama
1089,Alabama
1091,Alabama
1093,Alabama
1097,Alabama
1099,Alabama
1101,Alabama
1103,Alabama
1105,Alabama
1107,Alabama
1109,Alabama
1111,Alabama
1117,Alabama
1123,Alabama
1125,Alabama
1129,Alabama
1133,Alabama
4001,Arizona
4003,Arizona
4005,Arizona
4007,Arizona
4009,Arizona
4011,Arizona
4012,Arizona
4013,Arizona
4015,Arizona
4017,Arizona
4019,Arizona
4021,Arizona
4023,Arizona
4025,Arizona
4027,Arizona
5007,Arkansas
5009,Arkansas
5015,Arkansas
5019,Arkansas
5025,Arkansas
5027,Arkansas
5029,Arkansas
5033,Arkansas
5045,Arkansas
5047,Arkansas
5049,Arkansas
5057,Arkansas
5059,Arkansas
5077,Arkansas
5079,Arkansas
5083,Arkansas
5085,Arkansas
5087,Arkansas
5091,Arkansas
5097,Arkansas
5113,Arkansas
5125,Arkansas
5127,Arkansas
5129,Arkansas
5131,Arkansas
5141,Arkansas
5143,Arkansas
5145,Arkansas
6001,California
6005,California
6007,California
6009,California
6011,California
6013,California
6015,California
6017,California
6019,California
6021,California
6023,California
6025,California
6027,California
6029,California
6031,California
6033,California
6035,California
6037,California
6039,California
6041,California
6043,California
6045,California
6047,California
6049,California
6053,California
6055,California
6057,California
6061,California
6063,California
6065,California
6067,California
6069,California
6071,California
6073,California
6077,California
6079,California
6081,California
6083,California
6085,California
6087,California
6089,California
6091,California
6093,California
6095,California
6097,California
6099,California
6101,California
6103,California
6105,California
6107,California
6109,California
6111,California
6113,California
6115,California
8001,Colorado
8003,Colorado
8005,Colorado
8007,Colorado
8009,Colorado
8011,Colorado
8013,Colorado
8015,Colorado
8017,Colorado
8021,Colorado
8023,Colorado
8025,Colorado
8027,Colorado
8029,Colorado
8033,Colorado
8035,Colorado
8039,Colorado
8041,Colorado
8043,Colorado
8045,Colorado
8051,Colorado
8055,Colorado
8057,Colorado
8059,Colorado
8061,Colorado
8063,Colorado
8067,Colorado
8069,Colorado
8071,Colorado
8073,Colorado
8075,Colorado
8077,Colorado
8081,Colorado
8083,Colorado
8085,Colorado
8087,Colorado
8089,Colorado
8093,Colorado
8095,Colorado
8097,Colorado
8099,Colorado
8101,Colorado
8103,Colorado
8105,Colorado
8107,Colorado
8109,Colorado
8113,Colorado
8115,Colorado
8119,Colorado
8121,Colorado
8123,Colorado
8125,Colorado
9001,Connecticut
9003,Connecticut
9005,Connecticut
9007,Connecticut
9009,Connecticut
9011,Connecticut
9013,Connecticut
9015,Connecticut
10001,Delaware
10003,Delaware
10005,Delaware
12001,Florida
12003,Florida
12007,Florida
12009,Florida
12015,Florida
12017,Florida
12019,Florida
12021,Florida
12023,Florida
12027,Florida
12029,Florida
12031,Florida
12033,Florida
12041,Florida
12043,Florida
12049,Florida
12051,Florida
12053,Florida
12055,Florida
12057,Florida
12059,Florida
12063,Florida
12065,Florida
12067,Florida
12069,Florida
12071,Florida
12073,Florida
12075,Florida
12079,Florida
12081,Florida
12083,Florida
12085,Florida
12086,Florida
12089,Florida
12091,Florida
12093,Florida
12099,Florida
12101,Florida
12105,Florida
12107,Florida
12111,Florida
12113,Florida
12115,Florida
12117,Florida
12119,Florida
12121,Florida
12127,Florida
12129,Florida
12131,Florida
12133,Florida
13001,Georgia
13005,Georgia
13009,Georgia
13011,Georgia
13013,Georgia
13019,Georgia
13021,Georgia
13023,Georgia
13027,Georgia
13033,Georgia
13035,Georgia
13043,Georgia
13045,Georgia
13055,Georgia
13057,Georgia
13059,Georgia
13067,Georgia
13069,Georgia
13071,Georgia
13073,Georgia
13077,Georgia
13081,Georgia
13085,Georgia
13087,Georgia
13091,Georgia
13093,Georgia
13095,Georgia
13099,Georgia
13105,Georgia
13107,Georgia
13115,Georgia
13117,Georgia
13119,Georgia
13123,Georgia
13125,Georgia
13129,Georgia
13131,Georgia
13133,Georgia
13139,Georgia
13141,Georgia
13147,Georgia
13149,Georgia
13151,Georgia
13153,Georgia
13157,Georgia
13159,Georgia
13161,Georgia
13163,Georgia
13165,Georgia
13167,Georgia
13169,Georgia
13173,Georgia
13175,Georgia
13177,Georgia
13185,Georgia
13189,Georgia
13193,Georgia
13195,Georgia
13197,Georgia
13199,Georgia
13201,Georgia
13205,Georgia
13207,Georgia
13211,Georgia
13213,Georgia
13217,Georgia
13219,Georgia
13221,Georgia
13229,Georgia
13231,Georgia
13233,Georgia
13237,Georgia
13251,Georgia
13253,Georgia
13255,Georgia
13261,Georgia
13265,Georgia
13267,Georgia
13269,Georgia
13275,Georgia
13277,Georgia
13285,Georgia
13291,Georgia
13293,Georgia
13295,Georgia
13297,Georgia
13299,Georgia
13301,Georgia
13303,Georgia
13305,Georgia
13311,Georgia
13313,Georgia
13315,Georgia
13317,Georgia
13321,Georgia
16001,Idaho
16005,Idaho
16007,Idaho
16009,Idaho
16011,Idaho
16013,Idaho
16017,Idaho
16019,Idaho
16021,Idaho
16023,Idaho
16027,Idaho
16029,Idaho
16031,Idaho
16035,Idaho
16037,Idaho
16039,Idaho
16041,Idaho
16043,Idaho
16045,Idaho
16047,Idaho
16049,Idaho
16051,Idaho
16053,Idaho
16055,Idaho
16057,Idaho
16059,Idaho
16061,Idaho
16063,Idaho
16065,Idaho
16067,Idaho
16069,Idaho
16071,Idaho
16073,Idaho
16075,Idaho
16077,Idaho
16081,Idaho
16083,Idaho
17001,Illinois
17003,Illinois
17005,Illinois
17007,Illinois
17009,Illinois
17011,Illinois
17013,Illinois
17015,Illinois
17019,Illinois
17021,Illinois
17023,Illinois
17025,Illinois
17027,Illinois
17029,Illinois
17031,Illinois
17033,Illinois
17035,Illinois
17037,Illinois
17039,Illinois
17041,Illinois
17045,Illinois
17047,Illinois
17049,Illinois
17051,Illinois
17053,Illinois
17055,Illinois
17057,Illinois
17061,Illinois
17063,Illinois
17065,Illinois
17067,Illinois
17069,Illinois
17071,Illinois
17073,Illinois
17075,Illinois
17077,Illinois
17079,Illinois
17081,Illinois
17083,Illinois
17085,Illinois
17087,Illinois
17089,Illinois
17091,Illinois
17093,Illinois
17095,Illinois
17097,Illinois
17099,Illinois
17101,Illinois
17103,Illinois
17105,Illinois
17107,Illinois
17109,Illinois
17111,Illinois
17113,Illinois
17117,Illinois
17119,Illinois
17121,Illinois
17123,Illinois
17127,Illinois
17131,Illinois
17133,Illinois
17135,Illinois
17137,Illinois
17139,Illinois
17141,Illinois
17143,Illinois
17145,Illinois
17147,Illinois
17149,Illinois
17151,Illinois
17153,Illinois
17155,Illinois
17157,Illinois
17159,Illinois
17161,Illinois
17163,Illinois
17165,Illinois
17167,Illinois
17169,Illinois
17173,Illinois
17175,Illinois
17177,Illinois
17179,Illinois
17181,Illinois
17183,Illinois
17185,Illinois
17187,Illinois
17189,Illinois
17191,Illinois
17193,Illinois
17195,Illinois
17197,Illinois
17199,Illinois
17201,Illinois
17203,Illinois
18001,Indiana
18003,Indiana
18005,Indiana
18007,Indiana
18011,Indiana
18013,Indiana
18015,Indiana
18017,Indiana
18019,Indiana
18021,Indiana
18023,Indiana
18025,Indiana
18027,Indiana
18029,Indiana
18031,Indiana
18033,Indiana
18035,Indiana
18037,Indiana
18039,Indiana
18041,Indiana
18045,Indiana
18047,Indiana
18049,Indiana
18051,Indiana
18053,Indiana
18055,Indiana
18057,Indiana
18059,Indiana
18061,Indiana
18063,Indiana
18065,Indiana
18067,Indiana
18069,Indiana
18071,Indiana
18073,Indiana
18075,Indiana
18077,Indiana
18079,Indiana
18081,Indiana
18083,Indiana
18085,Indiana
18087,Indiana
18089,Indiana
18091,Indiana
18093,Indiana
18095,Indiana
18099,Indiana
18101,Indiana
18103,Indiana
18105,Indiana
18107,Indiana
18109,Indiana
18111,Indiana
18113,Indiana
18115,Indiana
18117,Indiana
18119,Indiana
18121,Indiana
18123,Indiana
18127,Indiana
18129,Indiana
18131,Indiana
18133,Indiana
18135,Indiana
18137,Indiana
18139,Indiana
18141,Indiana
18143,Indiana
18145,Indiana
18147,Indiana
18149,Indiana
18151,Indiana
18153,Indiana
18155,Indiana
18157,Indiana
18159,Indiana
18161,Indiana
18163,Indiana
18167,Indiana
18169,Indiana
18171,Indiana
18173,Indiana
18175,Indiana
18177,Indiana
18179,Indiana
18181,Indiana
18183,Indiana
19001,Iowa
19005,Iowa
19007,Iowa
19009,Iowa
19011,Iowa
19013,Iowa
19015,Iowa
19017,Iowa
19019,Iowa
19021,Iowa
19023,Iowa
19027,Iowa
19029,Iowa
19031,Iowa
19033,Iowa
19035,Iowa
19037,Iowa
19039,Iowa
19043,Iowa
19045,Iowa
19047,Iowa
19049,Iowa
19051,Iowa
19053,Iowa
19055,Iowa
19057,Iowa
19059,Iowa
19061,Iowa
19065,Iowa
19067,Iowa
19069,Iowa
19075,Iowa
19077,Iowa
19079,Iowa
19081,Iowa
19083,Iowa
19087,Iowa
19089,Iowa
19091,Iowa
19093,Iowa
19095,Iowa
19097,Iowa
19099,Iowa
19101,Iowa
19103,Iowa
19105,Iowa
19107,Iowa
19109,Iowa
19111,Iowa
19113,Iowa
19115,Iowa
19117,Iowa
19119,Iowa
19121,Iowa
19123,Iowa
19125,Iowa
19127,Iowa
19129,Iowa
19131,Iowa
19135,Iowa
19137,Iowa
19139,Iowa
19141,Iowa
19143,Iowa
19145,Iowa
19147,Iowa
19149,Iowa
19151,Iowa
19155,Iowa
19157,Iowa
19159,Iowa
19161,Iowa
19163,Iowa
19165,Iowa
19167,Iowa
19169,Iowa
19171,Iowa
19173,Iowa
19175,Iowa
19177,Iowa
19179,Iowa
19181,Iowa
19183,Iowa
19185,Iowa
19187,Iowa
19189,Iowa
19191,Iowa
19193,Iowa
19195,Iowa
20001,Kansas
20003,Kansas
20005,Kansas
20007,Kansas
20009,Kansas
20011,Kansas
20013,Kansas
20015,Kansas
20017,Kansas
20019,Kansas
20021,Kansas
20023,Kansas
20025,Kansas
20027,Kansas
20029,Kansas
20031,Kansas
20035,Kansas
20037,Kansas
20039,Kansas
20041,Kansas
20043,Kansas
20045,Kansas
20047,Kansas
20049,Kansas
20051,Kansas
20053,Kansas
20055,Kansas
20057,Kansas
20059,Kansas
20061,Kansas
20063,Kansas
20067,Kansas
20069,Kansas
20071,Kansas
20073,Kansas
20075,Kansas
20077,Kansas
20079,Kansas
20081,Kansas
20083,Kansas
20085,Kansas
20087,Kansas
20089,Kansas
20091,Kansas
20093,Kansas
20097,Kansas
20099,Kansas
20103,Kansas
20105,Kansas
20107,Kansas
20111,Kansas
20113,Kansas
20115,Kansas
20117,Kansas
20119,Kansas
20121,Kansas
20125,Kansas
20127,Kansas
20131,Kansas
20133,Kansas
20135,Kansas
20139,Kansas
20141,Kansas
20143,Kansas
20147,Kansas
20149,Kansas
20151,Kansas
20153,Kansas
20155,Kansas
20159,Kansas
20161,Kansas
20167,Kansas
20169,Kansas
20171,Kansas
20173,Kansas
20175,Kansas
20177,Kansas
20183,Kansas
20187,Kansas
20189,Kansas
20191,Kansas
20193,Kansas
20195,Kansas
20197,Kansas
20199,Kansas
20201,Kansas
20205,Kansas
20207,Kansas
21001,Kentucky
21003,Kentucky
21005,Kentucky
21007,Kentucky
21009,Kentucky
21011,Kentucky
21013,Kentucky
21015,Kentucky
21017,Kentucky
21019,Kentucky
21021,Kentucky
21023,Kentucky
21027,Kentucky
21029,Kentucky
21031,Kentucky
21033,Kentucky
21035,Kentucky
21037,Kentucky
21039,Kentucky
21043,Kentucky
21045,Kentucky
21047,Kentucky
21049,Kentucky
21051,Kentucky
21053,Kentucky
21055,Kentucky
21057,Kentucky
21059,Kentucky
21061,Kentucky
21063,Kentucky
21065,Kentucky
21067,Kentucky
21069,Kentucky
21071,Kentucky
21073,Kentucky
21077,Kentucky
21079,Kentucky
21081,Kentucky
21083,Kentucky
21085,Kentucky
21087,Kentucky
21089,Kentucky
21091,Kentucky
21093,Kentucky
21097,Kentucky
21099,Kentucky
21101,Kentucky
21103,Kentucky
21105,Kentucky
21107,Kentucky
21109,Kentucky
21111,Kentucky
21113,Kentucky
21115,Kentucky
21117,Kentucky
21121,Kentucky
21123,Kentucky
21125,Kentucky
21127,Kentucky
21129,Kentucky
21135,Kentucky
21137,Kentucky
21141,Kentucky
21143,Kentucky
21145,Kentucky
21151,Kentucky
21153,Kentucky
21155,Kentucky
21157,Kentucky
21161,Kentucky
21163,Kentucky
21165,Kentucky
21167,Kentucky
21169,Kentucky
21171,Kentucky
21173,Kentucky
21175,Kentucky
21177,Kentucky
21179,Kentucky
21181,Kentucky
21183,Kentucky
21185,Kentucky
21187,Kentucky
21191,Kentucky
21193,Kentucky
21197,Kentucky
21199,Kentucky
21201,Kentucky
21203,Kentucky
21205,Kentucky
21207,Kentucky
21209,Kentucky
21211,Kentucky
21213,Kentucky
21215,Kentucky
21217,Kentucky
21219,Kentucky
21221,Kentucky
21223,Kentucky
21227,Kentucky
21229,Kentucky
21231,Kentucky
21233,Kentucky
21235,Kentucky
21239,Kentucky
22011,Louisiana
22013,Louisiana
22031,Louisiana
22033,Louisiana
22035,Louisiana
22039,Louisiana
22067,Louisiana
22073,Louisiana
22079,Louisiana
22085,Louisiana
22091,Louisiana
22099,Louisiana
22101,Louisiana
22103,Louisiana
22105,Louisiana
22117,Louisiana
23001,Maine
23003,Maine
23005,Maine
23007,Maine
23009,Maine
23011,Maine
23013,Maine
23015,Maine
23017,Maine
23019,Maine
23021,Maine
23023,Maine
23025,Maine
23027,Maine
23029,Maine
23031,Maine
24001,Maryland
24003,Maryland
24005,Maryland
24009,Maryland
24011,Maryland
24013,Maryland
24015,Maryland
24017,Maryland
24021,Maryland
24023,Maryland
24025,Maryland
24027,Maryland
24029,Maryland
24031,Maryland
24033,Maryland
24035,Maryland
24037,Maryland
24041,Maryland
24043,Maryland
24045,Maryland
24047,Maryland
25001,Massachusetts
25003,Massachusetts
25005,Massachusetts
25007,Massachusetts
25009,Massachusetts
25011,Massachusetts
25013,Massachusetts
25015,Massachusetts
25017,Massachusetts
25021,Massachusetts
25023,Massachusetts
25027,Massachusetts
26001,Michigan
26003,Michigan
26005,Michigan
26007,Michigan
26009,Michigan
26011,Michigan
26015,Michigan
26017,Michigan
26021,Michigan
26023,Michigan
26025,Michigan
26027,Michigan
26029,Michigan
26031,Michigan
26033,Michigan
26035,Michigan
26037,Michigan
26041,Michigan
26043,Michigan
26045,Michigan
26047,Michigan
26049,Michigan
26051,Michigan
26055,Michigan
26057,Michigan
26059,Michigan
26061,Michigan
26063,Michigan
26065,Michigan
26067,Michigan
26069,Michigan
26073,Michigan
26075,Michigan
26077,Michigan
26079,Michigan
26081,Michigan
26085,Michigan
26087,Michigan
26089,Michigan
26091,Michigan
26093,Michigan
26097,Michigan
26099,Michigan
26101,Michigan
26103,Michigan
26105,Michigan
26107,Michigan
26109,Michigan
26111,Michigan
26113,Michigan
26115,Michigan
26117,Michigan
26119,Michigan
26121,Michigan
26123,Michigan
26125,Michigan
26127,Michigan
26129,Michigan
26131,Michigan
26133,Michigan
26135,Michigan
26137,Michigan
26139,Michigan
26141,Michigan
26145,Michigan
26147,Michigan
26149,Michigan
26151,Michigan
26153,Michigan
26155,Michigan
26157,Michigan
26159,Michigan
26161,Michigan
26163,Michigan
26165,Michigan
27001,Minnesota
27003,Minnesota
27005,Minnesota
27007,Minnesota
27009,Minnesota
27011,Minnesota
27013,Minnesota
27015,Minnesota
27017,Minnesota
27019,Minnesota
27021,Minnesota
27023,Minnesota
27025,Minnesota
27027,Minnesota
27029,Minnesota
27033,Minnesota
27035,Minnesota
27037,Minnesota
27039,Minnesota
27041,Minnesota
27043,Minnesota
27045,Minnesota
27047,Minnesota
27049,Minnesota
27051,Minnesota
27053,Minnesota
27055,Minnesota
27057,Minnesota
27059,Minnesota
27061,Minnesota
27063,Minnesota
27065,Minnesota
27067,Minnesota
27069,Minnesota
27071,Minnesota
27073,Minnesota
27075,Minnesota
27077,Minnesota
27079,Minnesota
27081,Minnesota
27083,Minnesota
27085,Minnesota
27087,Minnesota
27089,Minnesota
27091,Minnesota
27093,Minnesota
27095,Minnesota
27097,Minnesota
27099,Minnesota
27101,Minnesota
27103,Minnesota
27105,Minnesota
27107,Minnesota
27109,Minnesota
27111,Minnesota
27113,Minnesota
27115,Minnesota
27117,Minnesota
27119,Minnesota
27121,Minnesota
27123,Minnesota
27125,Minnesota
27127,Minnesota
27129,Minnesota
27131,Minnesota
27133,Minnesota
27135,Minnesota
27137,Minnesota
27139,Minnesota
27141,Minnesota
27143,Minnesota
27145,Minnesota
27147,Minnesota
27149,Minnesota
27151,Minnesota
27153,Minnesota
27155,Minnesota
27157,Minnesota
27159,Minnesota
27161,Minnesota
27163,Minnesota
27165,Minnesota
27167,Minnesota
27169,Minnesota
27171,Minnesota
27173,Minnesota
28003,Mississippi
28005,Mississippi
28007,Mississippi
28025,Mississippi
28029,Mississippi
28031,Mississippi
28035,Mississippi
28037,Mississippi
28041,Mississippi
28045,Mississippi
28057,Mississippi
28067,Mississippi
28069,Mississippi
28073,Mississippi
28075,Mississippi
28077,Mississippi
28079,Mississippi
28081,Mississippi
28085,Mississippi
28091,Mississippi
28093,Mississippi
28095,Mississippi
28097,Mississippi
28099,Mississippi
28101,Mississippi
28103,Mississippi
28105,Mississippi
28109,Mississippi
28113,Mississippi
28115,Mississippi
28117,Mississippi
28121,Mississippi
28123,Mississippi
28127,Mississippi
28131,Mississippi
28137,Mississippi
28141,Mississippi
28145,Mississippi
28147,Mississippi
28153,Mississippi
28161,Mississippi
29001,Missouri
29003,Missouri
29007,Missouri
29009,Missouri
29011,Missouri
29013,Missouri
29015,Missouri
29017,Missouri
29019,Missouri
29021,Missouri
29023,Missouri
29025,Missouri
29027,Missouri
29029,Missouri
29031,Missouri
29033,Missouri
29035,Missouri
29037,Missouri
29039,Missouri
29041,Missouri
29043,Missouri
29045,Missouri
29047,Missouri
29049,Missouri
29051,Missouri
29053,Missouri
29055,Missouri
29057,Missouri
29059,Missouri
29061,Missouri
29063,Missouri
29065,Missouri
29067,Missouri
29071,Missouri
29073,Missouri
29075,Missouri
29077,Missouri
29079,Missouri
29081,Missouri
29083,Missouri
29085,Missouri
29089,Missouri
29091,Missouri
29093,Missouri
29095,Missouri
29097,Missouri
29099,Missouri
29101,Missouri
29103,Missouri
29105,Missouri
29107,Missouri
29109,Missouri
29111,Missouri
29113,Missouri
29115,Missouri
29117,Missouri
29119,Missouri
29121,Missouri
29123,Missouri
29125,Missouri
29127,Missouri
29129,Missouri
29131,Missouri
29133,Missouri
29135,Missouri
29137,Missouri
29139,Missouri
29141,Missouri
29145,Missouri
29147,Missouri
29149,Missouri
29151,Missouri
29153,Missouri
29157,Missouri
29159,Missouri
29161,Missouri
29163,Missouri
29165,Missouri
29167,Missouri
29169,Missouri
29171,Missouri
29173,Missouri
29175,Missouri
29177,Missouri
29179,Missouri
29181,Missouri
29183,Missouri
29185,Missouri
29186,Missouri
29187,Missouri
29195,Missouri
29197,Missouri
29199,Missouri
29201,Missouri
29203,Missouri
29205,Missouri
29207,Missouri
29209,Missouri
29211,Missouri
29213,Missouri
29215,Missouri
29217,Missouri
29219,Missouri
29221,Missouri
29223,Missouri
29225,Missouri
29227,Missouri
29229,Missouri
30001,Montana
30003,Montana
30005,Montana
30007,Montana
30009,Montana
30011,Montana
30013,Montana
30015,Montana
30017,Montana
30021,Montana
30023,Montana
30025,Montana
30027,Montana
30029,Montana
30031,Montana
30033,Montana
30035,Montana
30037,Montana
30039,Montana
30041,Montana
30043,Montana
30045,Montana
30047,Montana
30049,Montana
30051,Montana
30053,Montana
30055,Montana
30057,Montana
30059,Montana
30061,Montana
30063,Montana
30065,Montana
30067,Montana
30069,Montana
30071,Montana
30073,Montana
30075,Montana
30077,Montana
30079,Montana
30081,Montana
30083,Montana
30085,Montana
30087,Montana
30089,Montana
30091,Montana
30093,Montana
30095,Montana
30097,Montana
30099,Montana
30101,Montana
30105,Montana
30107,Montana
30109,Montana
30111,Montana
31001,Nebraska
31003,Nebraska
31005,Nebraska
31009,Nebraska
31011,Nebraska
31013,Nebraska
31015,Nebraska
31017,Nebraska
31019,Nebraska
31021,Nebraska
31023,Nebraska
31025,Nebraska
31027,Nebraska
31031,Nebraska
31035,Nebraska
31037,Nebraska
31039,Nebraska
31041,Nebraska
31043,Nebraska
31045,Nebraska
31047,Nebraska
31049,Nebraska
31051,Nebraska
31053,Nebraska
31055,Nebraska
31059,Nebraska
31061,Nebraska
31065,Nebraska
31067,Nebraska
31069,Nebraska
31071,Nebraska
31073,Nebraska
31075,Nebraska
31077,Nebraska
31079,Nebraska
31083,Nebraska
31089,Nebraska
31091,Nebraska
31093,Nebraska
31095,Nebraska
31099,Nebraska
31101,Nebraska
31103,Nebraska
31107,Nebraska
31109,Nebraska
31111,Nebraska
31113,Nebraska
31115,Nebraska
31117,Nebraska
31119,Nebraska
31121,Nebraska
31123,Nebraska
31125,Nebraska
31127,Nebraska
31129,Nebraska
31131,Nebraska
31133,Nebraska
31137,Nebraska
31139,Nebraska
31141,Nebraska
31143,Nebraska
31145,Nebraska
31147,Nebraska
31149,Nebraska
31151,Nebraska
31153,Nebraska
31155,Nebraska
31159,Nebraska
31161,Nebraska
31163,Nebraska
31165,Nebraska
31167,Nebraska
31169,Nebraska
31171,Nebraska
31173,Nebraska
31175,Nebraska
31177,Nebraska
31179,Nebraska
31181,Nebraska
31183,Nebraska
32001,Nevada
32007,Nevada
32013,Nevada
32015,Nevada
32017,Nevada
32019,Nevada
32023,Nevada
32027,Nevada
32510,Nevada
33001,New Hampshire
33003,New Hampshire
33005,New Hampshire
33007,New Hampshire
33009,New Hampshire
33011,New Hampshire
33013,New Hampshire
33015,New Hampshire
33017,New Hampshire
33019,New Hampshire
34001,New Jersey
34005,New Jersey
34011,New Jersey
34015,New Jersey
34019,New Jersey
34021,New Jersey
34023,New Jersey
34027,New Jersey
34029,New Jersey
34033,New Jersey
34035,New Jersey
34037,New Jersey
34041,New Jersey
35001,New Mexico
35003,New Mexico
35005,New Mexico
35006,New Mexico
35007,New Mexico
35009,New Mexico
35013,New Mexico
35015,New Mexico
35017,New Mexico
35019,New Mexico
35023,New Mexico
35025,New Mexico
35027,New Mexico
35029,New Mexico
35031,New Mexico
35033,New Mexico
35035,New Mexico
35037,New Mexico
35039,New Mexico
35041,New Mexico
35043,New Mexico
35045,New Mexico
35047,New Mexico
35049,New Mexico
35051,New Mexico
35053,New Mexico
35055,New Mexico
35057,New Mexico
35059,New Mexico
35061,New Mexico
36001,New York
36003,New York
36007,New York
36009,New York
36011,New York
36013,New York
36015,New York
36017,New York
36019,New York
36021,New York
36023,New York
36025,New York
36027,New York
36029,New York
36031,New York
36033,New York
36035,New York
36037,New York
36039,New York
36043,New York
36045,New York
36049,New York
36051,New York
36053,New York
36055,New York
36057,New York
36063,New York
36065,New York
36067,New York
36069,New York
36071,New York
36073,New York
36075,New York
36077,New York
36083,New York
36087,New York
36089,New York
36091,New York
36093,New York
36095,New York
36097,New York
36099,New York
36101,New York
36103,New York
36105,New York
36107,New York
36109,New York
36111,New York
36113,New York
36115,New York
36117,New York
36119,New York
36121,New York
36123,New York
37001,North Carolina
37003,North Carolina
37005,North Carolina
37007,North Carolina
37009,North Carolina
37011,North Carolina
37017,North Carolina
37019,North Carolina
37021,North Carolina
37023,North Carolina
37025,North Carolina
37027,North Carolina
37033,North Carolina
37035,North Carolina
37037,North Carolina
37041,North Carolina
37043,North Carolina
37045,North Carolina
37047,North Carolina
37049,North Carolina
37057,North Carolina
37059,North Carolina
37061,North Carolina
37063,North Carolina
37067,North Carolina
37069,North Carolina
37071,North Carolina
37075,North Carolina
37077,North Carolina
37079,North Carolina
37081,North Carolina
37083,North Carolina
37085,North Carolina
37087,North Carolina
37089,North Carolina
37093,North Carolina
37097,North Carolina
37099,North Carolina
37101,North Carolina
37107,North Carolina
37109,North Carolina
37111,North Carolina
37115,North Carolina
37117,North Carolina
37119,North Carolina
37121,North Carolina
37127,North Carolina
37129,North Carolina
37135,North Carolina
37137,North Carolina
37139,North Carolina
37141,North Carolina
37145,North Carolina
37147,North Carolina
37149,North Carolina
37151,North Carolina
37155,North Carolina
37157,North Carolina
37159,North Carolina
37161,North Carolina
37163,North Carolina
37165,North Carolina
37167,North Carolina
37169,North Carolina
37171,North Carolina
37173,North Carolina
37175,North Carolina
37179,North Carolina
37183,North Carolina
37185,North Carolina
37189,North Carolina
37191,North Carolina
37193,North Carolina
37197,North Carolina
37199,North Carolina
38001,North Dakota
38003,North Dakota
38005,North Dakota
38007,North Dakota
38009,North Dakota
38011,North Dakota
38013,North Dakota
38015,North Dakota
38017,North Dakota
38019,North Dakota
38021,North Dakota
38025,North Dakota
38027,North Dakota
38029,North Dakota
38031,North Dakota
38035,North Dakota
38037,North Dakota
38039,North Dakota
38041,North Dakota
38043,North Dakota
38045,North Dakota
38047,North Dakota
38049,North Dakota
38051,North Dakota
38053,North Dakota
38055,North Dakota
38057,North Dakota
38059,North Dakota
38063,North Dakota
38065,North Dakota
38067,North Dakota
38069,North Dakota
38073,North Dakota
38077,North Dakota
38079,North Dakota
38081,North Dakota
38083,North Dakota
38085,North Dakota
38087,North Dakota
38089,North Dakota
38093,North Dakota
38099,North Dakota
38101,North Dakota
39001,Ohio
39003,Ohio
39005,Ohio
39007,Ohio
39009,Ohio
39011,Ohio
39013,Ohio
39015,Ohio
39017,Ohio
39019,Ohio
39021,Ohio
39023,Ohio
39025,Ohio
39027,Ohio
39029,Ohio
39031,Ohio
39033,Ohio
39037,Ohio
39039,Ohio
39041,Ohio
39043,Ohio
39045,Ohio
39047,Ohio
39049,Ohio
39051,Ohio
39053,Ohio
39055,Ohio
39057,Ohio
39059,Ohio
39061,Ohio
39063,Ohio
39065,Ohio
39067,Ohio
39069,Ohio
39071,Ohio
39073,Ohio
39075,Ohio
39077,Ohio
39079,Ohio
39081,Ohio
39083,Ohio
39085,Ohio
39087,Ohio
39089,Ohio
39091,Ohio
39093,Ohio
39097,Ohio
39099,Ohio
39101,Ohio
39103,Ohio
39105,Ohio
39107,Ohio
39109,Ohio
39111,Ohio
39113,Ohio
39115,Ohio
39117,Ohio
39119,Ohio
39121,Ohio
39125,Ohio
39127,Ohio
39129,Ohio
39131,Ohio
39133,Ohio
39135,Ohio
39137,Ohio
39139,Ohio
39141,Ohio
39143,Ohio
39145,Ohio
39147,Ohio
39149,Ohio
39151,Ohio
39153,Ohio
39155,Ohio
39157,Ohio
39159,Ohio
39161,Ohio
39163,Ohio
39165,Ohio
39167,Ohio
39169,Ohio
39171,Ohio
39173,Ohio
39175,Ohio
40001,Oklahoma
40003,Oklahoma
40005,Oklahoma
40007,Oklahoma
40009,Oklahoma
40013,Oklahoma
40015,Oklahoma
40017,Oklahoma
40019,Oklahoma
40021,Oklahoma
40023,Oklahoma
40025,Oklahoma
40027,Oklahoma
40029,Oklahoma
40031,Oklahoma
40033,Oklahoma
40035,Oklahoma
40037,Oklahoma
40039,Oklahoma
40041,Oklahoma
40043,Oklahoma
40045,Oklahoma
40047,Oklahoma
40049,Oklahoma
40051,Oklahoma
40053,Oklahoma
40057,Oklahoma
40059,Oklahoma
40061,Oklahoma
40063,Oklahoma
40065,Oklahoma
40067,Oklahoma
40069,Oklahoma
40071,Oklahoma
40073,Oklahoma
40075,Oklahoma
40077,Oklahoma
40079,Oklahoma
40081,Oklahoma
40083,Oklahoma
40085,Oklahoma
40087,Oklahoma
40089,Oklahoma
40091,Oklahoma
40093,Oklahoma
40095,Oklahoma
40097,Oklahoma
40099,Oklahoma
40101,Oklahoma
40103,Oklahoma
40105,Oklahoma
40107,Oklahoma
40109,Oklahoma
40111,Oklahoma
40113,Oklahoma
40115,Oklahoma
40117,Oklahoma
40119,Oklahoma
40121,Oklahoma
40123,Oklahoma
40125,Oklahoma
40127,Oklahoma
40129,Oklahoma
40131,Oklahoma
40133,Oklahoma
40135,Oklahoma
40137,Oklahoma
40139,Oklahoma
40141,Oklahoma
40143,Oklahoma
40145,Oklahoma
40147,Oklahoma
40149,Oklahoma
40151,Oklahoma
40153,Oklahoma
41001,Oregon
41003,Oregon
41005,Oregon
41007,Oregon
41009,Oregon
41011,Oregon
41013,Oregon
41015,Oregon
41017,Oregon
41019,Oregon
41021,Oregon
41023,Oregon
41025,Oregon
41027,Oregon
41029,Oregon
41031,Oregon
41033,Oregon
41035,Oregon
41037,Oregon
41039,Oregon
41041,Oregon
41043,Oregon
41045,Oregon
41047,Oregon
41049,Oregon
41051,Oregon
41053,Oregon
41055,Oregon
41057,Oregon
41059,Oregon
41061,Oregon
41063,Oregon
41065,Oregon
41067,Oregon
41069,Oregon
41071,Oregon
42001,Pennsylvania
42003,Pennsylvania
42005,Pennsylvania
42007,Pennsylvania
42009,Pennsylvania
42011,Pennsylvania
42013,Pennsylvania
42015,Pennsylvania
42017,Pennsylvania
42019,Pennsylvania
42021,Pennsylvania
42025,Pennsylvania
42027,Pennsylvania
42029,Pennsylvania
42031,Pennsylvania
42033,Pennsylvania
42035,Pennsylvania
42037,Pennsylvania
42039,Pennsylvania
42041,Pennsylvania
42043,Pennsylvania
42045,Pennsylvania
42047,Pennsylvania
42049,Pennsylvania
42051,Pennsylvania
42053,Pennsylvania
42055,Pennsylvania
42057,Pennsylvania
42059,Pennsylvania
42061,Pennsylvania
42063,Pennsylvania
42065,Pennsylvania
42067,Pennsylvania
42069,Pennsylvania
42071,Pennsylvania
42073,Pennsylvania
42075,Pennsylvania
42077,Pennsylvania
42079,Pennsylvania
42081,Pennsylvania
42083,Pennsylvania
42085,Pennsylvania
42087,Pennsylvania
42089,Pennsylvania
42091,Pennsylvania
42093,Pennsylvania
42095,Pennsylvania
42097,Pennsylvania
42099,Pennsylvania
42103,Pennsylvania
42105,Pennsylvania
42107,Pennsylvania
42109,Pennsylvania
42111,Pennsylvania
42113,Pennsylvania
42115,Pennsylvania
42117,Pennsylvania
42119,Pennsylvania
42121,Pennsylvania
42123,Pennsylvania
42125,Pennsylvania
42127,Pennsylvania
42129,Pennsylvania
42131,Pennsylvania
42133,Pennsylvania
44001,Rhode Island
44003,Rhode Island
44005,Rhode Island
44007,Rhode Island
44009,Rhode Island
45001,South Carolina
45003,South Carolina
45007,South Carolina
45009,South Carolina
45011,South Carolina
45015,South Carolina
45019,South Carolina
45021,South Carolina
45023,South Carolina
45025,South Carolina
45029,South Carolina
45031,South Carolina
45033,South Carolina
45035,South Carolina
45037,South Carolina
45041,South Carolina
45043,South Carolina
45045,South Carolina
45047,South Carolina
45049,South Carolina
45051,South Carolina
45055,South Carolina
45059,South Carolina
45063,South Carolina
45069,South Carolina
45071,South Carolina
45073,South Carolina
45075,South Carolina
45077,South Carolina
45079,South Carolina
45081,South Carolina
45083,South Carolina
45085,South Carolina
45087,South Carolina
45089,South Carolina
45091,South Carolina
46003,South Dakota
46005,South Dakota
46007,South Dakota
46009,South Dakota
46011,South Dakota
46013,South Dakota
46015,South Dakota
46017,South Dakota
46019,South Dakota
46021,South Dakota
46023,South Dakota
46025,South Dakota
46027,South Dakota
46029,South Dakota
46031,South Dakota
46033,South Dakota
46035,South Dakota
46037,South Dakota
46039,South Dakota
46041,South Dakota
46043,South Dakota
46045,South Dakota
46047,South Dakota
46049,South Dakota
46051,South Dakota
46053,South Dakota
46055,South Dakota
46057,South Dakota
46059,South Dakota
46061,South Dakota
46063,South Dakota
46065,South Dakota
46067,South Dakota
46069,South Dakota
46071,South Dakota
46075,South Dakota
46077,South Dakota
46079,South Dakota
46081,South Dakota
46083,South Dakota
46085,South Dakota
46087,South Dakota
46089,South Dakota
46091,South Dakota
46093,South Dakota
46095,South Dakota
46097,South Dakota
46099,South Dakota
46101,South Dakota
46103,South Dakota
46105,South Dakota
46107,South Dakota
46109,South Dakota
46111,South Dakota
46115,South Dakota
46117,South Dakota
46121,South Dakota
46123,South Dakota
46125,South Dakota
46127,South Dakota
46129,South Dakota
46135,South Dakota
46137,South Dakota
47001,Tennessee
47003,Tennessee
47005,Tennessee
47007,Tennessee
47009,Tennessee
47011,Tennessee
47013,Tennessee
47015,Tennessee
47017,Tennessee
47019,Tennessee
47021,Tennessee
47023,Tennessee
47025,Tennessee
47027,Tennessee
47029,Tennessee
47031,Tennessee
47033,Tennessee
47035,Tennessee
47037,Tennessee
47039,Tennessee
47041,Tennessee
47043,Tennessee
47047,Tennessee
47049,Tennessee
47051,Tennessee
47053,Tennessee
47055,Tennessee
47057,Tennessee
47059,Tennessee
47061,Tennessee
47063,Tennessee
47065,Tennessee
47067,Tennessee
47069,Tennessee
47071,Tennessee
47073,Tennessee
47077,Tennessee
47079,Tennessee
47081,Tennessee
47083,Tennessee
47085,Tennessee
47087,Tennessee
47089,Tennessee
47091,Tennessee
47093,Tennessee
47099,Tennessee
47101,Tennessee
47103,Tennessee
47105,Tennessee
47107,Tennessee
47109,Tennessee
47111,Tennessee
47113,Tennessee
47115,Tennessee
47117,Tennessee
47119,Tennessee
47121,Tennessee
47123,Tennessee
47125,Tennessee
47127,Tennessee
47129,Tennessee
47131,Tennessee
47133,Tennessee
47135,Tennessee
47137,Tennessee
47139,Tennessee
47141,Tennessee
47143,Tennessee
47145,Tennessee
47147,Tennessee
47149,Tennessee
47151,Tennessee
47153,Tennessee
47155,Tennessee
47157,Tennessee
47159,Tennessee
47161,Tennessee
47163,Tennessee
47165,Tennessee
47167,Tennessee
47169,Tennessee
47171,Tennessee
47173,Tennessee
47175,Tennessee
47177,Tennessee
47179,Tennessee
47181,Tennessee
47183,Tennessee
47185,Tennessee
47187,Tennessee
47189,Tennessee
48009,Texas
48013,Texas
48017,Texas
48027,Texas
48029,Texas
48037,Texas
48049,Texas
48051,Texas
48055,Texas
48059,Texas
48061,Texas
48063,Texas
48065,Texas
48069,Texas
48073,Texas
48077,Texas
48093,Texas
48097,Texas
48111,Texas
48117,Texas
48119,Texas
48121,Texas
48127,Texas
48129,Texas
48131,Texas
48137,Texas
48139,Texas
48141,Texas
48143,Texas
48147,Texas
48149,Texas
48151,Texas
48153,Texas
48159,Texas
48163,Texas
48165,Texas
48171,Texas
48173,Texas
48175,Texas
48179,Texas
48181,Texas
48183,Texas
48185,Texas
48187,Texas
48189,Texas
48191,Texas
48193,Texas
48197,Texas
48199,Texas
48201,Texas
48203,Texas
48205,Texas
48213,Texas
48217,Texas
48221,Texas
48223,Texas
48229,Texas
48231,Texas
48237,Texas
48239,Texas
48241,Texas
48249,Texas
48251,Texas
48253,Texas
48257,Texas
48259,Texas
48265,Texas
48271,Texas
48273,Texas
48277,Texas
48279,Texas
48281,Texas
48285,Texas
48289,Texas
48291,Texas
48293,Texas
48295,Texas
48297,Texas
48303,Texas
48305,Texas
48307,Texas
48309,Texas
48313,Texas
48321,Texas
48323,Texas
48325,Texas
48329,Texas
48331,Texas
48333,Texas
48335,Texas
48337,Texas
48339,Texas
48341,Texas
48343,Texas
48345,Texas
48347,Texas
48349,Texas
48351,Texas
48353,Texas
48355,Texas
48361,Texas
48365,Texas
48369,Texas
48371,Texas
48379,Texas
48387,Texas
48389,Texas
48391,Texas
48395,Texas
48397,Texas
48401,Texas
48403,Texas
48405,Texas
48409,Texas
48413,Texas
48415,Texas
48417,Texas
48421,Texas
48423,Texas
48425,Texas
48435,Texas
48437,Texas
48439,Texas
48443,Texas
48445,Texas
48449,Texas
48451,Texas
48455,Texas
48459,Texas
48461,Texas
48463,Texas
48467,Texas
48469,Texas
48471,Texas
48473,Texas
48477,Texas
48479,Texas
48481,Texas
48483,Texas
48489,Texas
48491,Texas
48493,Texas
48495,Texas
48497,Texas
48499,Texas
48503,Texas
48505,Texas
48507,Texas
49001,Utah
49003,Utah
49005,Utah
49007,Utah
49011,Utah
49013,Utah
49015,Utah
49017,Utah
49019,Utah
49021,Utah
49023,Utah
49025,Utah
49027,Utah
49029,Utah
49031,Utah
49033,Utah
49035,Utah
49037,Utah
49039,Utah
49041,Utah
49043,Utah
49045,Utah
49047,Utah
49049,Utah
49051,Utah
49053,Utah
49055,Utah
49057,Utah
50001,Vermont
50003,Vermont
50005,Vermont
50007,Vermont
50009,Vermont
50011,Vermont
50013,Vermont
50015,Vermont
50017,Vermont
50019,Vermont
50021,Vermont
50023,Vermont
50025,Vermont
50027,Vermont
51001,Virginia
51003,Virginia
51005,Virginia
51007,Virginia
51009,Virginia
51011,Virginia
51015,Virginia
51017,Virginia
51019,Virginia
51021,Virginia
51023,Virginia
51025,Virginia
51029,Virginia
51031,Virginia
51033,Virginia
51035,Virginia
51037,Virginia
51043,Virginia
51045,Virginia
51047,Virginia
51049,Virginia
51051,Virginia
51053,Virginia
51059,Virginia
51061,Virginia
51063,Virginia
51065,Virginia
51067,Virginia
51069,Virginia
51071,Virginia
51073,Virginia
51075,Virginia
51077,Virginia
51079,Virginia
51083,Virginia
51085,Virginia
51087,Virginia
51089,Virginia
51091,Virginia
51095,Virginia
51097,Virginia
51101,Virginia
51105,Virginia
51107,Virginia
51109,Virginia
51111,Virginia
51113,Virginia
51117,Virginia
51119,Virginia
51121,Virginia
51125,Virginia
51127,Virginia
51135,Virginia
51137,Virginia
51139,Virginia
51141,Virginia
51143,Virginia
51145,Virginia
51147,Virginia
51153,Virginia
51155,Virginia
51157,Virginia
51159,Virginia
51161,Virginia
51163,Virginia
51165,Virginia
51167,Virginia
51169,Virginia
51171,Virginia
51173,Virginia
51175,Virginia
51177,Virginia
51179,Virginia
51181,Virginia
51183,Virginia
51185,Virginia
51191,Virginia
51193,Virginia
51195,Virginia
51197,Virginia
51550,Virginia
51810,Virginia
53001,Washington
53003,Washington
53005,Washington
53007,Washington
53009,Washington
53011,Washington
53013,Washington
53015,Washington
53017,Washington
53019,Washington
53021,Washington
53025,Washington
53027,Washington
53029,Washington
53031,Washington
53033,Washington
53035,Washington
53037,Washington
53039,Washington
53041,Washington
53043,Washington
53045,Washington
53047,Washington
53049,Washington
53051,Washington
53053,Washington
53055,Washington
53057,Washington
53059,Washington
53061,Washington
53063,Washington
53065,Washington
53067,Washington
53069,Washington
53071,Washington
53073,Washington
53075,Washington
53077,Washington
54001,West Virginia
54003,West Virginia
54007,West Virginia
54009,West Virginia
54011,West Virginia
54013,West Virginia
54015,West Virginia
54017,West Virginia
54019,West Virginia
54021,West Virginia
54023,West Virginia
54025,West Virginia
54027,West Virginia
54031,West Virginia
54033,West Virginia
54035,West Virginia
54037,West Virginia
54039,West Virginia
54041,West Virginia
54043,West Virginia
54049,West Virginia
54051,West Virginia
54053,West Virginia
54055,West Virginia
54057,West Virginia
54061,West Virginia
54063,West Virginia
54067,West Virginia
54069,West Virginia
54071,West Virginia
54075,West Virginia
54077,West Virginia
54079,West Virginia
54081,West Virginia
54083,West Virginia
54085,West Virginia
54087,West Virginia
54089,West Virginia
54091,West Virginia
54093,West Virginia
54095,West Virginia
54097,West Virginia
54099,West Virginia
54101,West Virginia
54103,West Virginia
54105,West Virginia
54107,West Virginia
55001,Wisconsin
55003,Wisconsin
55005,Wisconsin
55007,Wisconsin
55009,Wisconsin
55011,Wisconsin
55013,Wisconsin
55015,Wisconsin
55017,Wisconsin
55019,Wisconsin
55021,Wisconsin
55023,Wisconsin
55025,Wisconsin
55027,Wisconsin
55029,Wisconsin
55031,Wisconsin
55033,Wisconsin
55035,Wisconsin
55037,Wisconsin
55039,Wisconsin
55041,Wisconsin
55043,Wisconsin
55045,Wisconsin
55047,Wisconsin
55049,Wisconsin
55051,Wisconsin
55053,Wisconsin
55055,Wisconsin
55057,Wisconsin
55059,Wisconsin
55061,Wisconsin
55063,Wisconsin
55065,Wisconsin
55067,Wisconsin
55069,Wisconsin
55071,Wisconsin
55073,Wisconsin
55075,Wisconsin
55077,Wisconsin
55081,Wisconsin
55083,Wisconsin
55087,Wisconsin
55089,Wisconsin
55091,Wisconsin
55093,Wisconsin
55095,Wisconsin
55097,Wisconsin
55099,Wisconsin
55101,Wisconsin
55103,Wisconsin
55105,Wisconsin
55107,Wisconsin
55109,Wisconsin
55111,Wisconsin
55113,Wisconsin
55115,Wisconsin
55117,Wisconsin
55119,Wisconsin
55121,Wisconsin
55123,Wisconsin
55127,Wisconsin
55129,Wisconsin
55131,Wisconsin
55133,Wisconsin
55135,Wisconsin
55137,Wisconsin
55139,Wisconsin
55141,Wisconsin
56001,Wyoming
56003,Wyoming
56005,Wyoming
56007,Wyoming
56009,Wyoming
56011,Wyoming
56013,Wyoming
56015,Wyoming
56017,Wyoming
56019,Wyoming
56021,Wyoming
56023,Wyoming
56025,Wyoming
56027,Wyoming
56029,Wyoming
56031,Wyoming
56033,Wyoming
56035,Wyoming
56037,Wyoming
56041,Wyoming
56043,Wyoming
56045,Wyoming
